,id,ast,blk,dreb,fg3_pct,fg3a,fg3m,fg_pct,fga,fgm,ft_pct,fta,ftm,min,oreb,pf,pts,reb,stl,turnover,game.id,game.date,game.home_team_id,game.home_team_score,game.period,game.postseason,game.season,game.status,game.time,game.visitor_team_id,game.visitor_team_score,player.id,player.first_name,player.height_feet,player.height_inches,player.last_name,player.position,player.team_id,player.weight_pounds,team.id,team.abbreviation,team.city,team.conference,team.division,team.full_name,team.name,was home team,home team won,was away team,away team won,won game
0,1457708,11,1,13,40.0,5,2,64.7,17,11,54.5,11,6,28:10,0,6,30,13,1,3,62598,2019-10-24T00:00:00.000Z,11,111,4,False,2019,Final,     ,17,117,15,Giannis,6,11,Antetokounmpo,F,17,242,17,MIL,Milwaukee,East,Central,Milwaukee Bucks,Bucks,False,False,True,True,True
1,1465906,9,2,14,0.0,5,0,57.1,21,12,55.6,9,5,36:38,3,6,29,17,3,8,62609,2019-10-26T00:00:00.000Z,17,126,5,False,2019,Final,     ,16,131,15,Giannis,6,11,Antetokounmpo,F,17,242,17,MIL,Milwaukee,East,Central,Milwaukee Bucks,Bucks,True,False,False,True,False
2,1590920,4,1,11,16.7,6,1,70.6,17,12,61.5,13,8,30:08,0,2,33,11,1,4,62787,2019-11-20T00:00:00.000Z,1,127,4,False,2019,Final,     ,17,135,15,Giannis,6,11,Antetokounmpo,F,17,242,17,MIL,Milwaukee,East,Central,Milwaukee Bucks,Bucks,False,False,True,True,True
3,1636729,2,2,9,25.0,8,2,53.8,26,14,75.0,4,3,32:02,3,0,33,12,2,3,62853,2019-11-29T00:00:00.000Z,6,110,4,False,2019,Final,     ,17,119,15,Giannis,6,11,Antetokounmpo,F,17,242,17,MIL,Milwaukee,East,Central,Milwaukee Bucks,Bucks,False,False,True,True,True
4,1582815,2,1,8,33.3,6,2,59.1,22,13,41.7,12,5,33:43,2,5,33,10,3,8,62775,2019-11-18T00:00:00.000Z,5,101,4,False,2019,Final,     ,17,115,15,Giannis,6,11,Antetokounmpo,F,17,242,17,MIL,Milwaukee,East,Central,Milwaukee Bucks,Bucks,False,False,True,True,True
5,1626541,4,4,8,20.0,5,1,52.2,23,12,38.5,13,5,35:11,2,5,30,10,0,4,62844,2019-11-27T00:00:00.000Z,17,111,4,False,2019,Final,     ,1,102,15,Giannis,6,11,Antetokounmpo,F,17,242,17,MIL,Milwaukee,East,Central,Milwaukee Bucks,Bucks,True,True,False,False,True
6,1726972,4,1,10,16.7,6,1,58.1,31,18,68.8,16,11,34:23,4,3,48,14,1,3,62981,2019-12-16T00:00:00.000Z,17,116,4,False,2019,Final,     ,7,120,15,Giannis,6,11,Antetokounmpo,F,17,242,17,MIL,Milwaukee,East,Central,Milwaukee Bucks,Bucks,True,False,False,True,False
7,2156623,4,1,14,0.0,3,0,56.5,23,13,63.6,11,7,31:47,2,4,33,16,3,2,63403,2020-02-20T00:00:00.000Z,9,106,4,False,2019,Final,     ,17,126,15,Giannis,6,11,Antetokounmpo,F,17,242,17,MIL,Milwaukee,East,Central,Milwaukee Bucks,Bucks,False,False,True,True,True
8,1561329,4,1,11,20.0,5,1,54.2,24,13,55.0,20,11,35:50,5,4,38,16,3,5,62746,2019-11-14T00:00:00.000Z,17,124,4,False,2019,Final,     ,5,115,15,Giannis,6,11,Antetokounmpo,F,17,242,17,MIL,Milwaukee,East,Central,Milwaukee Bucks,Bucks,True,True,False,False,True
9,1570950,6,1,10,50.0,6,3,58.8,17,10,60.0,5,3,28:24,3,1,26,13,1,5,62759,2019-11-16T00:00:00.000Z,12,83,4,False,2019,Final,     ,17,102,15,Giannis,6,11,Antetokounmpo,F,17,242,17,MIL,Milwaukee,East,Central,Milwaukee Bucks,Bucks,False,False,True,True,True
10,1477721,7,2,9,0.0,2,0,33.3,15,5,50.0,8,4,29:12,1,2,14,10,0,2,62629,2019-10-28T00:00:00.000Z,17,129,4,False,2019,Final,     ,6,112,15,Giannis,6,11,Antetokounmpo,F,17,242,17,MIL,Milwaukee,East,Central,Milwaukee Bucks,Bucks,True,True,False,False,True
11,1498681,6,0,12,25.0,4,1,62.5,16,10,72.7,11,8,30:16,2,4,29,14,2,7,62654,2019-11-01T00:00:00.000Z,22,91,4,False,2019,Final,     ,17,123,15,Giannis,6,11,Antetokounmpo,F,17,242,17,MIL,Milwaukee,East,Central,Milwaukee Bucks,Bucks,False,False,True,True,True
12,1504994,8,4,13,50.0,2,1,70.0,20,14,70.0,10,7,36:25,2,3,36,15,1,3,62665,2019-11-02T00:00:00.000Z,17,115,4,False,2019,Final,     ,28,105,15,Giannis,6,11,Antetokounmpo,F,17,242,17,MIL,Milwaukee,East,Central,Milwaukee Bucks,Bucks,True,True,False,False,True
13,1532888,4,2,9,33.3,6,2,45.5,22,10,61.5,13,8,36:25,4,6,30,13,2,5,62707,2019-11-08T00:00:00.000Z,29,103,4,False,2019,Final,     ,17,100,15,Giannis,6,11,Antetokounmpo,F,17,242,17,MIL,Milwaukee,East,Central,Milwaukee Bucks,Bucks,False,True,True,False,False
14,1694064,8,1,11,40.0,5,2,54.5,22,12,50.0,12,6,34:43,4,3,32,15,1,2,62930,2019-12-09T00:00:00.000Z,17,110,4,False,2019,Final,     ,22,101,15,Giannis,6,11,Antetokounmpo,F,17,242,17,MIL,Milwaukee,East,Central,Milwaukee Bucks,Bucks,True,True,False,False,True
15,1762021,9,2,14,33.3,3,1,47.1,17,8,50.0,2,1,30:55,5,2,18,19,2,4,63024,2019-12-22T00:00:00.000Z,17,117,4,False,2019,Final,     ,12,89,15,Giannis,6,11,Antetokounmpo,F,17,242,17,MIL,Milwaukee,East,Central,Milwaukee Bucks,Bucks,True,True,False,False,True
16,2182260,8,3,19,50.0,4,2,35.7,14,5,87.5,8,7,38:00,0,1,19,19,0,4,63441,2020-02-25T00:00:00.000Z,28,97,4,False,2019,Final,     ,17,108,15,Giannis,6,11,Antetokounmpo,F,17,242,17,MIL,Milwaukee,East,Central,Milwaukee Bucks,Bucks,False,False,True,True,True
17,2195899,6,0,11,50.0,4,2,65.0,20,13,80.0,5,4,27:17,2,2,32,13,0,3,63465,2020-02-28T00:00:00.000Z,17,133,4,False,2019,Final,     ,21,86,15,Giannis,6,11,Antetokounmpo,F,17,242,17,MIL,Milwaukee,East,Central,Milwaukee Bucks,Bucks,True,True,False,False,True
18,2176303,2,1,12,0.0,0,0,66.7,12,8,75.0,8,6,24:51,2,6,22,14,0,8,63434,2020-02-24T00:00:00.000Z,30,134,5,False,2019,Final,     ,17,137,15,Giannis,6,11,Antetokounmpo,F,17,242,17,MIL,Milwaukee,East,Central,Milwaukee Bucks,Bucks,False,False,True,True,True
19,1542110,3,1,14,66.7,3,2,68.4,19,13,77.8,9,7,36:25,2,3,35,16,1,7,62718,2019-11-10T00:00:00.000Z,21,119,4,False,2019,Final,     ,17,121,15,Giannis,6,11,Antetokounmpo,F,17,242,17,MIL,Milwaukee,East,Central,Milwaukee Bucks,Bucks,False,False,True,True,True
20,1676920,4,0,8,25.0,4,1,55.0,20,11,66.7,6,4,26:20,3,3,27,11,0,4,62910,2019-12-06T00:00:00.000Z,17,119,4,False,2019,Final,     ,13,91,15,Giannis,6,11,Antetokounmpo,F,17,242,17,MIL,Milwaukee,East,Central,Milwaukee Bucks,Bucks,True,True,False,False,True
21,1749511,10,0,11,50.0,4,2,80.0,10,8,50.0,8,4,26:02,0,1,22,11,2,3,63016,2019-12-21T00:00:00.000Z,20,102,4,False,2019,Final,     ,17,123,15,Giannis,6,11,Antetokounmpo,F,17,242,17,MIL,Milwaukee,East,Central,Milwaukee Bucks,Bucks,False,False,True,True,True
22,1772915,7,1,12,0.0,7,0,29.6,27,8,50.0,4,2,30:19,2,3,18,14,1,3,63039,2019-12-25T00:00:00.000Z,23,121,4,False,2019,Final,     ,17,109,15,Giannis,6,11,Antetokounmpo,F,17,242,17,MIL,Milwaukee,East,Central,Milwaukee Bucks,Bucks,False,True,True,False,False
23,1646688,4,0,6,20.0,5,1,57.9,19,11,42.9,7,3,19:37,3,1,26,9,1,1,62866,2019-11-30T00:00:00.000Z,17,137,4,False,2019,Final,     ,4,96,15,Giannis,6,11,Antetokounmpo,F,17,242,17,MIL,Milwaukee,East,Central,Milwaukee Bucks,Bucks,True,True,False,False,True
24,1713121,2,0,9,42.9,7,3,52.2,23,12,76.9,13,10,26:45,2,4,37,11,1,4,62959,2019-12-13T00:00:00.000Z,15,114,4,False,2019,Final,     ,17,127,15,Giannis,6,11,Antetokounmpo,F,17,242,17,MIL,Milwaukee,East,Central,Milwaukee Bucks,Bucks,False,False,True,True,True
25,1813131,1,0,8,42.9,7,3,58.3,12,7,83.3,18,15,28:57,0,3,32,8,1,0,63114,2020-01-04T00:00:00.000Z,17,127,4,False,2019,Final,     ,27,118,15,Giannis,6,11,Antetokounmpo,F,17,242,17,MIL,Milwaukee,East,Central,Milwaukee Bucks,Bucks,True,True,False,False,True
26,2220491,6,0,9,25.0,8,2,43.5,23,10,100.0,7,7,28:15,3,2,29,12,1,4,63507,2020-03-04T00:00:00.000Z,17,119,4,False,2019,Final,     ,12,100,15,Giannis,6,11,Antetokounmpo,F,17,242,17,MIL,Milwaukee,East,Central,Milwaukee Bucks,Bucks,True,True,False,False,True
27,1608898,3,1,7,33.3,3,1,54.5,22,12,33.3,9,3,27:12,3,3,28,10,2,2,62816,2019-11-23T00:00:00.000Z,17,104,4,False,2019,Final,     ,9,90,15,Giannis,6,11,Antetokounmpo,F,17,242,17,MIL,Milwaukee,East,Central,Milwaukee Bucks,Bucks,True,True,False,False,True
28,1667513,0,2,6,50.0,8,4,57.1,21,12,77.8,9,7,27:55,3,2,35,9,0,2,62890,2019-12-04T00:00:00.000Z,9,103,4,False,2019,Final,     ,17,127,15,Giannis,6,11,Antetokounmpo,F,17,242,17,MIL,Milwaukee,East,Central,Milwaukee Bucks,Bucks,False,False,True,True,True
29,1719117,4,1,3,40.0,5,2,60.0,20,12,42.9,7,3,23:59,1,1,29,4,1,1,62968,2019-12-14T00:00:00.000Z,17,125,4,False,2019,Final,     ,6,108,15,Giannis,6,11,Antetokounmpo,F,17,242,17,MIL,Milwaukee,East,Central,Milwaukee Bucks,Bucks,True,True,False,False,True
30,2206526,6,0,18,25.0,4,1,60.7,28,17,85.7,7,6,34:55,2,2,41,20,1,3,63478,2020-03-01T00:00:00.000Z,4,85,4,False,2019,Final,     ,17,93,15,Giannis,6,11,Antetokounmpo,F,17,242,17,MIL,Milwaukee,East,Central,Milwaukee Bucks,Bucks,False,False,True,True,True
31,2232409,6,0,10,16.7,6,1,47.6,21,10,78.6,14,11,35:30,1,5,32,11,1,2,63522,2020-03-06T00:00:00.000Z,14,113,4,False,2019,Final,     ,17,103,15,Giannis,6,11,Antetokounmpo,F,17,242,17,MIL,Milwaukee,East,Central,Milwaukee Bucks,Bucks,False,True,True,False,False
32,1739609,7,1,8,62.5,8,5,57.9,19,11,70.0,10,7,32:19,3,5,34,11,1,4,63000,2019-12-19T00:00:00.000Z,17,111,4,False,2019,Final,     ,14,104,15,Giannis,6,11,Antetokounmpo,F,17,242,17,MIL,Milwaukee,East,Central,Milwaukee Bucks,Bucks,True,True,False,False,True
33,2103573,9,1,13,20.0,5,1,47.6,21,10,56.2,16,9,30:34,6,3,30,19,1,7,63321,2020-02-02T00:00:00.000Z,17,129,4,False,2019,Final,     ,24,108,15,Giannis,6,11,Antetokounmpo,F,17,242,17,MIL,Milwaukee,East,Central,Milwaukee Bucks,Bucks,True,True,False,False,True
34,1825573,8,1,10,0.0,5,0,45.5,22,10,100.0,4,4,33:50,2,2,24,12,3,2,63129,2020-01-06T00:00:00.000Z,27,126,4,False,2019,Final,     ,17,104,15,Giannis,6,11,Antetokounmpo,F,17,242,17,MIL,Milwaukee,East,Central,Milwaukee Bucks,Bucks,False,True,True,False,False
35,1798132,4,2,14,42.9,7,3,59.1,22,13,37.5,8,3,31:29,3,5,32,17,0,4,63089,2020-01-01T00:00:00.000Z,17,106,4,False,2019,Final,     ,18,104,15,Giannis,6,11,Antetokounmpo,F,17,242,17,MIL,Milwaukee,East,Central,Milwaukee Bucks,Bucks,True,True,False,False,True
36,1906911,6,1,12,0.0,1,0,68.4,19,13,57.1,7,4,32:13,4,4,30,16,0,3,63252,2020-01-24T00:00:00.000Z,4,103,4,False,2019,Final,     ,17,116,15,Giannis,6,11,Antetokounmpo,F,17,242,17,MIL,Milwaukee,East,Central,Milwaukee Bucks,Bucks,False,False,True,True,True
37,1837276,4,0,13,14.3,7,1,47.6,21,10,69.2,13,9,32:05,0,3,30,13,1,3,63145,2020-01-08T00:00:00.000Z,10,98,4,False,2019,Final,     ,17,107,15,Giannis,6,11,Antetokounmpo,F,17,242,17,MIL,Milwaukee,East,Central,Milwaukee Bucks,Bucks,False,False,True,True,True
38,1851914,6,0,16,50.0,4,2,56.5,23,13,57.1,7,4,28:30,1,4,32,17,0,3,63165,2020-01-11T00:00:00.000Z,25,101,4,False,2019,Final,     ,17,122,15,Giannis,6,11,Antetokounmpo,F,17,242,17,MIL,Milwaukee,East,Central,Milwaukee Bucks,Bucks,False,False,True,True,True
39,1863214,4,1,6,60.0,5,3,70.6,17,12,83.3,12,10,21:26,3,1,37,9,0,1,63184,2020-01-14T00:00:00.000Z,17,128,4,False,2019,Final,     ,20,102,15,Giannis,6,11,Antetokounmpo,F,17,242,17,MIL,Milwaukee,East,Central,Milwaukee Bucks,Bucks,True,True,False,False,True
40,2117333,6,0,17,14.3,7,1,52.0,25,13,75.0,12,9,34:56,3,3,36,20,1,3,63349,2020-02-06T00:00:00.000Z,17,112,4,False,2019,Final,     ,23,101,15,Giannis,6,11,Antetokounmpo,F,17,242,17,MIL,Milwaukee,East,Central,Milwaukee Bucks,Bucks,True,True,False,False,True
41,1844956,5,0,9,50.0,2,1,44.4,9,4,50.0,8,4,28:17,1,4,13,10,1,3,63158,2020-01-10T00:00:00.000Z,26,106,4,False,2019,Final,     ,17,127,15,Giannis,6,11,Antetokounmpo,F,17,242,17,MIL,Milwaukee,East,Central,Milwaukee Bucks,Bucks,False,False,True,True,True
42,2126332,9,2,14,0.0,0,0,35.3,17,6,75.0,8,6,33:34,4,2,18,18,0,5,63360,2020-02-08T00:00:00.000Z,22,95,4,False,2019,Final,     ,17,111,15,Giannis,6,11,Antetokounmpo,F,17,242,17,MIL,Milwaukee,East,Central,Milwaukee Bucks,Bucks,False,False,True,True,True
43,2103171,9,2,11,20.0,5,1,40.7,27,11,66.7,12,8,31:53,5,1,31,16,1,2,63307,2020-01-31T00:00:00.000Z,17,115,4,False,2019,Final,     ,8,127,15,Giannis,6,11,Antetokounmpo,F,17,242,17,MIL,Milwaukee,East,Central,Milwaukee Bucks,Bucks,True,False,False,True,False
44,2109936,6,1,17,100.0,1,1,70.6,17,12,69.2,13,9,33:01,0,4,34,17,1,5,63334,2020-02-04T00:00:00.000Z,19,108,4,False,2019,Final,     ,17,120,15,Giannis,6,11,Antetokounmpo,F,17,242,17,MIL,Milwaukee,East,Central,Milwaukee Bucks,Bucks,False,False,True,True,True
45,1873291,7,2,16,0.0,5,0,50.0,22,11,50.0,20,10,34:54,1,4,32,17,0,4,63198,2020-01-16T00:00:00.000Z,17,128,4,False,2019,Final,     ,2,123,15,Giannis,6,11,Antetokounmpo,F,17,242,17,MIL,Milwaukee,East,Central,Milwaukee Bucks,Bucks,True,True,False,False,True
46,2212665,3,1,15,0.0,4,0,33.3,18,6,50.0,2,1,30:45,0,0,13,15,1,3,63489,2020-03-02T00:00:00.000Z,16,105,4,False,2019,Final,     ,17,89,15,Giannis,6,11,Antetokounmpo,F,17,242,17,MIL,Milwaukee,East,Central,Milwaukee Bucks,Bucks,False,True,True,False,False
47,1515280,6,0,11,0.0,3,0,73.7,19,14,54.5,11,6,26:42,4,4,34,15,0,3,62677,2019-11-04T00:00:00.000Z,18,106,4,False,2019,Final,     ,17,134,15,Giannis,6,11,Antetokounmpo,F,17,242,17,MIL,Milwaukee,East,Central,Milwaukee Bucks,Bucks,False,False,True,True,True
48,1617642,6,0,8,37.5,8,3,54.8,31,17,68.4,19,13,38:29,6,1,50,14,2,0,62831,2019-11-25T00:00:00.000Z,17,122,4,False,2019,Final,     ,29,118,15,Giannis,6,11,Antetokounmpo,F,17,242,17,MIL,Milwaukee,East,Central,Milwaukee Bucks,Bucks,True,True,False,False,True
49,1659320,3,0,14,75.0,4,3,71.4,14,10,54.5,11,6,21:58,1,3,29,15,0,2,62880,2019-12-02T00:00:00.000Z,17,132,4,False,2019,Final,     ,20,88,15,Giannis,6,11,Antetokounmpo,F,17,242,17,MIL,Milwaukee,East,Central,Milwaukee Bucks,Bucks,True,True,False,False,True
50,1890747,10,1,13,20.0,5,1,60.0,20,12,33.3,9,3,31:00,1,3,28,14,1,8,63230,2020-01-20T00:00:00.000Z,17,111,4,False,2019,Final,     ,5,98,15,Giannis,6,11,Antetokounmpo,F,17,242,17,MIL,Milwaukee,East,Central,Milwaukee Bucks,Bucks,True,True,False,False,True
51,1488979,5,2,13,0.0,2,0,61.5,13,8,60.0,10,6,34:38,1,4,22,14,1,3,62641,2019-10-30T00:00:00.000Z,2,116,4,False,2019,Final,     ,17,105,15,Giannis,6,11,Antetokounmpo,F,17,242,17,MIL,Milwaukee,East,Central,Milwaukee Bucks,Bucks,False,True,True,False,False
52,1598902,15,1,15,14.3,7,1,33.3,27,9,50.0,10,5,35:48,4,2,24,19,3,5,62797,2019-11-21T00:00:00.000Z,17,137,4,False,2019,Final,     ,25,129,15,Giannis,6,11,Antetokounmpo,F,17,242,17,MIL,Milwaukee,East,Central,Milwaukee Bucks,Bucks,True,True,False,False,True
53,1524943,9,2,12,57.1,7,4,47.6,21,10,77.8,18,14,35:43,4,4,38,16,2,3,62694,2019-11-06T00:00:00.000Z,13,124,4,False,2019,Final,     ,17,129,15,Giannis,6,11,Antetokounmpo,F,17,242,17,MIL,Milwaukee,East,Central,Milwaukee Bucks,Bucks,False,False,True,True,True
54,1789011,6,0,9,33.3,3,1,57.1,14,8,100.0,6,6,27:22,1,3,23,10,0,2,63076,2019-12-30T00:00:00.000Z,5,102,4,False,2019,Final,     ,17,123,15,Giannis,6,11,Antetokounmpo,F,17,242,17,MIL,Milwaukee,East,Central,Milwaukee Bucks,Bucks,False,False,True,True,True
55,2168287,8,1,17,40.0,5,2,70.6,17,12,62.5,8,5,29:07,0,2,31,17,0,4,63420,2020-02-22T00:00:00.000Z,17,119,4,False,2019,Final,     ,23,98,15,Giannis,6,11,Antetokounmpo,F,17,242,17,MIL,Milwaukee,East,Central,Milwaukee Bucks,Bucks,True,True,False,False,True
56,1881302,4,0,11,40.0,5,2,60.0,20,12,42.9,7,3,25:24,1,4,29,12,1,8,63210,2020-01-18T00:00:00.000Z,3,97,4,False,2019,Final,     ,17,117,15,Giannis,6,11,Antetokounmpo,F,17,242,17,MIL,Milwaukee,East,Central,Milwaukee Bucks,Bucks,False,False,True,True,True
57,1457723,14,1,5,12.5,8,1,15.4,13,2,100.0,14,14,36:26,2,5,19,7,1,7,62598,2019-10-24T00:00:00.000Z,11,111,4,False,2019,Final,     ,17,117,192,James,6,5,Harden,G,11,220,11,HOU,Houston,West,Southwest,Houston Rockets,Rockets,True,False,False,True,False
58,1466714,5,0,4,11.1,18,2,27.6,29,8,91.7,12,11,36:05,0,3,29,4,1,8,62615,2019-10-26T00:00:00.000Z,11,126,4,False,2019,Final,     ,19,123,192,James,6,5,Harden,G,11,220,11,HOU,Houston,West,Southwest,Houston Rockets,Rockets,True,True,False,False,True
59,1477852,7,1,3,21.4,14,3,38.1,21,8,95.5,22,21,36:52,0,5,40,3,1,4,62628,2019-10-28T00:00:00.000Z,11,116,4,False,2019,Final,     ,21,112,192,James,6,5,Harden,G,11,220,11,HOU,Houston,West,Southwest,Houston Rockets,Rockets,True,True,False,False,True
60,1489817,9,0,2,42.9,14,6,56.2,32,18,94.4,18,17,37:30,1,3,59,3,1,4,62644,2019-10-30T00:00:00.000Z,30,158,4,False,2019,Final,     ,11,159,192,James,6,5,Harden,G,11,220,11,HOU,Houston,West,Southwest,Houston Rockets,Rockets,False,False,True,True,True
61,1498732,8,0,3,12.5,16,2,32.3,31,10,93.3,15,14,36:39,2,3,36,5,0,5,62652,2019-11-01T00:00:00.000Z,3,123,4,False,2019,Final,     ,11,116,192,James,6,5,Harden,G,11,220,11,HOU,Houston,West,Southwest,Houston Rockets,Rockets,False,True,True,False,False
62,1684626,4,1,4,17.6,17,3,29.6,27,8,83.3,18,15,39:04,2,3,34,6,3,0,62916,2019-12-07T00:00:00.000Z,11,115,4,False,2019,Final,     ,24,109,192,James,6,5,Harden,G,11,220,11,HOU,Houston,West,Southwest,Houston Rockets,Rockets,True,True,False,False,True
63,1719635,7,0,4,30.8,13,4,42.4,33,14,87.5,8,7,38:28,2,4,39,6,1,4,62969,2019-12-14T00:00:00.000Z,11,107,4,False,2019,Final,     ,9,115,192,James,6,5,Harden,G,11,220,11,HOU,Houston,West,Southwest,Houston Rockets,Rockets,True,False,False,True,False
64,1740678,10,1,1,45.5,11,5,50.0,16,8,70.0,10,7,36:14,0,4,28,1,2,6,63002,2019-12-19T00:00:00.000Z,13,117,4,False,2019,Final,     ,11,122,192,James,6,5,Harden,G,11,220,11,HOU,Houston,West,Southwest,Houston Rockets,Rockets,False,False,True,True,True
65,1571230,6,0,5,36.4,22,8,39.0,41,16,81.8,11,9,38:41,0,4,49,5,0,4,62762,2019-11-16T00:00:00.000Z,18,105,4,False,2019,Final,     ,11,125,192,James,6,5,Harden,G,11,220,11,HOU,Houston,West,Southwest,Houston Rockets,Rockets,False,False,True,True,True
66,1702291,8,2,3,55.6,18,10,58.8,34,20,100.0,5,5,41:16,0,3,55,3,2,6,62939,2019-12-11T00:00:00.000Z,6,110,4,False,2019,Final,     ,11,116,192,James,6,5,Harden,G,11,220,11,HOU,Houston,West,Southwest,Houston Rockets,Rockets,False,False,True,True,True
67,1547692,9,1,4,27.3,11,3,52.0,25,13,71.4,14,10,38:16,0,4,39,4,2,6,62726,2019-11-11T00:00:00.000Z,19,116,4,False,2019,Final,     ,11,122,192,James,6,5,Harden,G,11,220,11,HOU,Houston,West,Southwest,Houston Rockets,Rockets,False,False,True,True,True
68,1626469,5,1,4,41.2,17,7,40.9,22,9,90.0,10,9,35:14,2,0,34,6,1,2,62842,2019-11-27T00:00:00.000Z,11,117,4,False,2019,Final,     ,16,108,192,James,6,5,Harden,G,11,220,11,HOU,Houston,West,Southwest,Houston Rockets,Rockets,True,True,False,False,True
69,2187046,3,0,5,58.3,12,7,56.2,16,9,83.3,6,5,28:01,2,4,30,7,1,5,63453,2020-02-26T00:00:00.000Z,11,140,4,False,2019,Final,     ,15,112,192,James,6,5,Harden,G,11,220,11,HOU,Houston,West,Southwest,Houston Rockets,Rockets,True,True,False,False,True
70,1510396,3,0,3,33.3,9,3,42.9,14,6,100.0,14,14,26:26,1,4,29,4,1,6,62669,2019-11-03T00:00:00.000Z,16,129,4,False,2019,Final,     ,11,100,192,James,6,5,Harden,G,11,220,11,HOU,Houston,West,Southwest,Houston Rockets,Rockets,False,True,True,False,False
71,1522610,13,3,4,37.5,16,6,43.5,23,10,76.9,13,10,35:18,0,1,36,4,3,5,62690,2019-11-06T00:00:00.000Z,11,129,4,False,2019,Final,     ,10,112,192,James,6,5,Harden,G,11,220,11,HOU,Houston,West,Southwest,Houston Rockets,Rockets,True,True,False,False,True
72,1565378,5,0,8,42.9,14,6,50.0,26,13,85.7,14,12,40:27,0,4,44,8,4,3,62752,2019-11-15T00:00:00.000Z,11,111,4,False,2019,Final,     ,12,102,192,James,6,5,Harden,G,11,220,11,HOU,Houston,West,Southwest,Houston Rockets,Rockets,True,True,False,False,True
73,1582755,5,1,5,50.0,10,5,57.9,19,11,90.0,10,9,33:06,1,4,36,6,1,3,62776,2019-11-18T00:00:00.000Z,11,132,4,False,2019,Final,     ,25,108,192,James,6,5,Harden,G,11,220,11,HOU,Houston,West,Southwest,Houston Rockets,Rockets,True,True,False,False,True
74,1603560,12,0,8,45.5,11,5,56.2,16,9,77.8,18,14,42:20,0,4,37,8,2,4,62807,2019-11-22T00:00:00.000Z,13,122,4,False,2019,Final,     ,11,119,192,James,6,5,Harden,G,11,220,11,HOU,Houston,West,Southwest,Houston Rockets,Rockets,False,True,True,False,False
75,1752608,7,1,5,47.4,19,9,55.6,27,15,88.9,9,8,34:00,1,5,47,6,0,4,63019,2019-12-21T00:00:00.000Z,24,125,4,False,2019,Final,     ,11,139,192,James,6,5,Harden,G,11,220,11,HOU,Houston,West,Southwest,Houston Rockets,Rockets,False,False,True,True,True
76,2176913,9,0,4,36.4,11,4,56.0,25,14,55.6,9,5,33:52,2,3,37,6,2,6,63436,2020-02-24T00:00:00.000Z,11,123,4,False,2019,Final,     ,20,112,192,James,6,5,Harden,G,11,220,11,HOU,Houston,West,Southwest,Houston Rockets,Rockets,True,True,False,False,True
77,2203234,8,0,4,23.5,17,4,29.2,24,7,100.0,3,3,40:57,0,3,21,4,3,5,63474,2020-02-29T00:00:00.000Z,2,110,5,False,2019,Final,     ,11,111,192,James,6,5,Harden,G,11,220,11,HOU,Houston,West,Southwest,Houston Rockets,Rockets,False,False,True,True,True
78,2212476,8,0,1,23.1,13,3,36.4,22,8,100.0,16,16,39:08,1,4,35,2,4,3,63486,2020-03-02T00:00:00.000Z,20,125,4,False,2019,Final,     ,11,123,192,James,6,5,Harden,G,11,220,11,HOU,Houston,West,Southwest,Houston Rockets,Rockets,False,True,True,False,False
79,2226343,4,0,7,0.0,8,0,23.5,17,4,72.7,11,8,27:57,0,3,16,7,1,4,63509,2020-03-05T00:00:00.000Z,11,105,4,False,2019,Final,     ,13,120,192,James,6,5,Harden,G,11,220,11,HOU,Houston,West,Southwest,Houston Rockets,Rockets,True,False,False,True,False
80,1514816,6,1,6,43.8,16,7,42.9,28,12,72.2,18,13,37:15,4,2,44,10,2,6,62676,2019-11-04T00:00:00.000Z,15,100,4,False,2019,Final,     ,11,107,192,James,6,5,Harden,G,11,220,11,HOU,Houston,West,Southwest,Houston Rockets,Rockets,False,False,True,True,True
81,1539794,9,0,9,47.4,19,9,44.4,27,12,81.8,11,9,35:48,1,1,42,10,2,6,62711,2019-11-09T00:00:00.000Z,5,94,4,False,2019,Final,     ,11,117,192,James,6,5,Harden,G,11,220,11,HOU,Houston,West,Southwest,Houston Rockets,Rockets,False,False,True,True,True
82,1556291,7,0,6,53.8,13,7,46.2,26,12,94.1,17,16,44:27,0,0,47,6,3,6,62740,2019-11-13T00:00:00.000Z,11,102,4,False,2019,Final,     ,13,93,192,James,6,5,Harden,G,11,220,11,HOU,Houston,West,Southwest,Houston Rockets,Rockets,True,True,False,False,True
83,1592549,7,0,6,50.0,8,4,50.0,16,8,70.0,10,7,37:06,1,4,27,7,3,8,62794,2019-11-20T00:00:00.000Z,8,105,4,False,2019,Final,     ,11,95,192,James,6,5,Harden,G,11,220,11,HOU,Houston,West,Southwest,Houston Rockets,Rockets,False,True,True,False,False
84,1663588,6,0,6,20.0,20,4,28.9,38,11,100.0,24,24,48:31,3,4,50,9,4,4,62886,2019-12-03T00:00:00.000Z,27,135,6,False,2019,Final,     ,11,133,192,James,6,5,Harden,G,11,220,11,HOU,Houston,West,Southwest,Houston Rockets,Rockets,False,True,True,False,False
85,1694142,10,1,4,30.0,10,3,42.1,19,8,100.0,8,8,39:53,0,4,27,4,2,8,62929,2019-12-09T00:00:00.000Z,11,118,4,False,2019,Final,     ,26,119,192,James,6,5,Harden,G,11,220,11,HOU,Houston,West,Southwest,Houston Rockets,Rockets,True,False,False,True,False
86,1788376,6,3,8,60.0,10,6,63.0,27,17,44.4,9,4,39:02,2,2,44,10,1,3,63061,2019-12-28T00:00:00.000Z,11,108,4,False,2019,Final,     ,3,98,192,James,6,5,Harden,G,11,220,11,HOU,Houston,West,Southwest,Houston Rockets,Rockets,True,True,False,False,True
87,2103549,9,2,8,46.7,15,7,50.0,24,12,100.0,9,9,38:47,2,5,40,10,0,4,63320,2020-02-02T00:00:00.000Z,11,117,4,False,2019,Final,     ,19,109,192,James,6,5,Harden,G,11,220,11,HOU,Houston,West,Southwest,Houston Rockets,Rockets,True,True,False,False,True
88,2241675,6,0,5,30.0,10,3,31.6,19,6,80.0,10,8,32:15,2,3,23,7,3,4,63536,2020-03-08T00:00:00.000Z,11,106,4,False,2019,Final,     ,22,126,192,James,6,5,Harden,G,11,220,11,HOU,Houston,West,Southwest,Houston Rockets,Rockets,True,False,False,True,False
89,1646667,8,1,3,57.1,14,8,66.7,24,16,87.0,23,20,30:41,0,3,60,3,3,5,62865,2019-11-30T00:00:00.000Z,11,158,4,False,2019,Final,     ,1,111,192,James,6,5,Harden,G,11,220,11,HOU,Houston,West,Southwest,Houston Rockets,Rockets,True,True,False,False,True
90,1613160,11,0,8,13.3,15,2,45.8,24,11,80.0,10,8,41:17,1,5,32,9,1,6,62818,2019-11-24T00:00:00.000Z,11,123,4,False,2019,Final,     ,7,137,192,James,6,5,Harden,G,11,220,11,HOU,Houston,West,Southwest,Houston Rockets,Rockets,True,False,False,True,False
91,1674155,3,1,7,60.0,5,3,63.6,11,7,100.0,6,6,40:24,0,5,23,7,5,4,62901,2019-12-05T00:00:00.000Z,28,109,4,False,2019,Final,     ,11,119,192,James,6,5,Harden,G,11,220,11,HOU,Houston,West,Southwest,Houston Rockets,Rockets,False,False,True,True,True
92,1712800,7,3,3,66.7,15,10,61.3,31,19,100.0,6,6,36:14,2,5,54,5,2,3,62954,2019-12-13T00:00:00.000Z,22,107,4,False,2019,Final,     ,11,130,192,James,6,5,Harden,G,11,220,11,HOU,Houston,West,Southwest,Houston Rockets,Rockets,False,False,True,True,True
93,1768054,5,1,5,36.4,11,4,52.6,19,10,83.3,12,10,37:42,0,2,34,5,2,3,63036,2019-12-23T00:00:00.000Z,26,104,4,False,2019,Final,     ,11,113,192,James,6,5,Harden,G,11,220,11,HOU,Houston,West,Southwest,Houston Rockets,Rockets,False,False,True,True,True
94,1773785,11,0,5,60.0,10,6,50.0,18,9,0.0,1,0,38:13,1,3,24,6,3,2,63040,2019-12-25T00:00:00.000Z,10,116,4,False,2019,Final,     ,11,104,192,James,6,5,Harden,G,11,220,11,HOU,Houston,West,Southwest,Houston Rockets,Rockets,False,True,True,False,False
95,1834301,10,3,8,20.0,20,4,26.5,34,9,82.6,23,19,39:44,2,2,41,10,2,8,63141,2020-01-08T00:00:00.000Z,1,115,4,False,2019,Final,     ,11,122,192,James,6,5,Harden,G,11,220,11,HOU,Houston,West,Southwest,Houston Rockets,Rockets,False,False,True,True,True
96,2235727,14,0,9,18.2,11,2,36.4,22,8,85.7,14,12,45:18,1,5,30,10,2,10,63528,2020-03-07T00:00:00.000Z,4,108,4,False,2019,Final,     ,11,99,192,James,6,5,Harden,G,11,220,11,HOU,Houston,West,Southwest,Houston Rockets,Rockets,False,True,True,False,False
97,1793790,6,2,3,66.7,9,6,58.8,17,10,69.2,13,9,33:56,0,2,35,3,1,4,63084,2019-12-31T00:00:00.000Z,11,130,4,False,2019,Final,     ,8,104,192,James,6,5,Harden,G,11,220,11,HOU,Houston,West,Southwest,Houston Rockets,Rockets,True,True,False,False,True
98,1841490,3,1,2,22.2,9,2,29.4,17,5,100.0,5,5,26:33,1,2,17,3,0,1,63149,2020-01-09T00:00:00.000Z,21,113,4,False,2019,Final,     ,11,92,192,James,6,5,Harden,G,11,220,11,HOU,Houston,West,Southwest,Houston Rockets,Rockets,False,True,True,False,False
99,2102860,4,2,4,25.0,8,2,27.8,18,5,100.0,6,6,38:16,1,3,18,5,2,6,63295,2020-01-29T00:00:00.000Z,25,125,4,False,2019,Final,     ,11,112,192,James,6,5,Harden,G,11,220,11,HOU,Houston,West,Southwest,Houston Rockets,Rockets,False,True,True,False,False
100,2103124,6,0,14,42.9,14,6,40.0,25,10,90.0,10,9,37:25,2,4,35,16,4,3,63305,2020-01-31T00:00:00.000Z,11,128,4,False,2019,Final,     ,7,121,192,James,6,5,Harden,G,11,220,11,HOU,Houston,West,Southwest,Houston Rockets,Rockets,True,True,False,False,True
101,2121385,5,1,2,50.0,10,5,47.4,19,9,90.0,10,9,30:15,0,4,32,2,1,5,63357,2020-02-07T00:00:00.000Z,24,127,4,False,2019,Final,     ,11,91,192,James,6,5,Harden,G,11,220,11,HOU,Houston,West,Southwest,Houston Rockets,Rockets,False,True,True,False,False
102,1788696,0,0,0,0.0,0,0,0.0,0,0,0.0,0,0,,0,0,0,0,0,0,63073,2019-12-29T00:00:00.000Z,19,127,4,False,2019,Final,     ,11,112,192,James,6,5,Harden,G,11,220,11,HOU,Houston,West,Southwest,Houston Rockets,Rockets,False,True,True,False,False
103,2146112,7,1,8,43.8,16,7,47.4,19,9,94.4,18,17,38:38,0,5,42,8,1,6,63389,2020-02-11T00:00:00.000Z,11,116,4,False,2019,Final,     ,2,105,192,James,6,5,Harden,G,11,220,11,HOU,Houston,West,Southwest,Houston Rockets,Rockets,True,True,False,False,True
104,1890698,6,1,7,5.9,17,1,31.0,29,9,76.9,13,10,38:55,2,3,29,9,1,4,63228,2020-01-20T00:00:00.000Z,11,107,4,False,2019,Final,     ,21,112,192,James,6,5,Harden,G,11,220,11,HOU,Houston,West,Southwest,Houston Rockets,Rockets,True,False,False,True,False
105,1908029,5,3,4,0.0,6,0,23.1,13,3,100.0,6,6,34:31,0,4,12,4,0,3,63258,2020-01-24T00:00:00.000Z,18,124,4,False,2019,Final,     ,11,131,192,James,6,5,Harden,G,11,220,11,HOU,Houston,West,Southwest,Houston Rockets,Rockets,False,False,True,True,True
106,1882880,7,1,6,22.2,9,2,40.0,20,8,88.9,18,16,39:11,0,3,34,6,0,6,63216,2020-01-18T00:00:00.000Z,11,115,4,False,2019,Final,     ,14,124,192,James,6,5,Harden,G,11,220,11,HOU,Houston,West,Southwest,Houston Rockets,Rockets,True,False,False,True,False
107,2133676,10,2,9,15.4,13,2,47.8,23,11,66.7,6,4,38:49,1,5,28,10,1,1,63373,2020-02-09T00:00:00.000Z,11,113,4,False,2019,Final,     ,29,114,192,James,6,5,Harden,G,11,220,11,HOU,Houston,West,Southwest,Houston Rockets,Rockets,True,False,False,True,False
108,2110102,12,1,6,36.4,11,4,42.3,26,11,93.3,15,14,39:48,3,4,40,9,3,3,63335,2020-02-04T00:00:00.000Z,11,125,4,False,2019,Final,     ,4,110,192,James,6,5,Harden,G,11,220,11,HOU,Houston,West,Southwest,Houston Rockets,Rockets,True,True,False,False,True
109,2118577,7,0,7,16.7,6,1,30.0,10,3,100.0,7,7,35:10,0,5,14,7,2,3,63351,2020-02-06T00:00:00.000Z,14,111,4,False,2019,Final,     ,11,121,192,James,6,5,Harden,G,11,220,11,HOU,Houston,West,Southwest,Houston Rockets,Rockets,False,False,True,True,True
110,1849172,8,0,12,54.5,11,6,47.1,17,8,76.9,13,10,27:42,0,3,32,12,2,11,63166,2020-01-11T00:00:00.000Z,11,139,4,False,2019,Final,     ,18,109,192,James,6,5,Harden,G,11,220,11,HOU,Houston,West,Southwest,Houston Rockets,Rockets,True,True,False,False,True
111,1863230,6,1,3,26.3,19,5,35.1,37,13,90.9,11,10,39:08,3,3,41,6,0,1,63183,2020-01-14T00:00:00.000Z,15,121,4,False,2019,Final,     ,11,110,192,James,6,5,Harden,G,11,220,11,HOU,Houston,West,Southwest,Houston Rockets,Rockets,False,True,True,False,False
112,1904936,5,0,4,33.3,6,2,46.2,13,6,86.7,15,13,31:24,1,3,27,5,2,3,63245,2020-01-22T00:00:00.000Z,11,121,4,False,2019,Final,     ,8,105,192,James,6,5,Harden,G,11,220,11,HOU,Houston,West,Southwest,Houston Rockets,Rockets,True,True,False,False,True
113,2168792,7,1,4,54.5,11,6,56.5,23,13,66.7,9,6,37:08,1,3,38,5,2,3,63421,2020-02-22T00:00:00.000Z,29,110,4,False,2019,Final,     ,11,120,192,James,6,5,Harden,G,11,220,11,HOU,Houston,West,Southwest,Houston Rockets,Rockets,False,False,True,True,True
114,2249905,7,1,4,50.0,10,5,57.9,19,11,71.4,14,10,35:50,0,1,37,4,2,3,63546,2020-03-10T00:00:00.000Z,11,117,4,False,2019,Final,     ,18,111,192,James,6,5,Harden,G,11,220,11,HOU,Houston,West,Southwest,Houston Rockets,Rockets,True,True,False,False,True
115,1727024,7,1,5,30.8,13,4,34.5,29,10,100.0,4,4,36:13,3,3,28,8,1,2,62979,2019-12-16T00:00:00.000Z,11,109,4,False,2019,Final,     ,27,107,192,James,6,5,Harden,G,11,220,11,HOU,Houston,West,Southwest,Houston Rockets,Rockets,True,True,False,False,True
116,1807407,11,1,10,50.0,12,6,54.2,24,13,100.0,12,12,40:49,1,3,44,11,1,5,63101,2020-01-03T00:00:00.000Z,11,118,4,False,2019,Final,     ,23,108,192,James,6,5,Harden,G,11,220,11,HOU,Houston,West,Southwest,Houston Rockets,Rockets,True,True,False,False,True
117,1868376,7,2,5,16.7,6,1,25.0,12,3,75.0,8,6,36:24,3,5,13,8,0,2,63194,2020-01-15T00:00:00.000Z,11,107,4,False,2019,Final,     ,25,117,192,James,6,5,Harden,G,11,220,11,HOU,Houston,West,Southwest,Houston Rockets,Rockets,True,False,False,True,False
118,2158460,10,2,3,25.0,12,3,37.5,16,6,93.3,15,14,30:10,0,3,29,3,3,1,63408,2020-02-20T00:00:00.000Z,10,105,4,False,2019,Final,     ,11,135,192,James,6,5,Harden,G,11,220,11,HOU,Houston,West,Southwest,Houston Rockets,Rockets,False,False,True,True,True
119,1448930,8,1,8,20.0,5,1,36.8,19,7,75.0,4,3,36:00,1,3,18,9,1,5,62585,2019-10-22T00:00:00.000Z,13,112,4,False,2019,Final,     ,14,102,237,LeBron,6,8,James,F,14,250,14,LAL,Los Angeles,West,Pacific,Los Angeles Lakers,Lakers,False,True,True,False,False
120,1567527,11,0,1,28.6,7,2,50.0,20,10,100.0,7,7,38:40,3,1,29,4,3,2,62757,2019-11-15T00:00:00.000Z,14,99,4,False,2019,Final,     ,26,97,237,LeBron,6,8,James,F,14,250,14,LAL,Los Angeles,West,Pacific,Los Angeles Lakers,Lakers,True,True,False,False,True
121,1589248,10,0,11,40.0,5,2,47.6,21,10,60.0,5,3,37:08,0,2,25,11,2,7,62783,2019-11-19T00:00:00.000Z,14,112,4,False,2019,Final,     ,21,107,237,LeBron,6,8,James,F,14,250,14,LAL,Los Angeles,West,Pacific,Los Angeles Lakers,Lakers,True,True,False,False,True
122,1618079,14,1,3,57.1,7,4,54.2,24,13,37.5,8,3,35:08,0,2,33,3,0,3,62832,2019-11-25T00:00:00.000Z,27,104,4,False,2019,Final,     ,14,114,237,LeBron,6,8,James,F,14,250,14,LAL,Los Angeles,West,Pacific,Los Angeles Lakers,Lakers,False,False,True,True,True
123,1712746,12,0,7,50.0,8,4,50.0,22,11,50.0,4,2,37:26,2,2,28,9,1,8,62957,2019-12-13T00:00:00.000Z,16,110,4,False,2019,Final,     ,14,113,237,LeBron,6,8,James,F,14,250,14,LAL,Los Angeles,West,Pacific,Los Angeles Lakers,Lakers,False,False,True,True,True
124,1774985,10,1,6,16.7,12,2,37.5,24,9,75.0,4,3,38:49,3,3,23,9,2,2,63041,2019-12-25T00:00:00.000Z,14,106,4,False,2019,Final,     ,13,111,237,LeBron,6,8,James,F,14,250,14,LAL,Los Angeles,West,Pacific,Los Angeles Lakers,Lakers,True,False,False,True,False
125,1519283,11,1,10,33.3,6,2,52.6,19,10,88.9,9,8,35:11,0,3,30,10,2,2,62683,2019-11-05T00:00:00.000Z,5,112,4,False,2019,Final,     ,14,118,237,LeBron,6,8,James,F,14,250,14,LAL,Los Angeles,West,Pacific,Los Angeles Lakers,Lakers,False,False,True,True,True
126,1608143,4,0,5,22.2,9,2,51.9,27,14,0.0,0,0,38:50,1,1,30,6,2,5,62815,2019-11-23T00:00:00.000Z,15,108,4,False,2019,Final,     ,14,109,237,LeBron,6,8,James,F,14,250,14,LAL,Los Angeles,West,Pacific,Los Angeles Lakers,Lakers,False,False,True,True,True
127,1648381,8,0,9,0.0,5,0,55.0,20,11,100.0,3,3,36:25,0,3,25,9,4,6,62870,2019-12-01T00:00:00.000Z,14,100,4,False,2019,Final,     ,7,114,237,LeBron,6,8,James,F,14,250,14,LAL,Los Angeles,West,Pacific,Los Angeles Lakers,Lakers,True,False,False,True,False
128,2163608,7,2,3,25.0,4,1,58.8,17,10,91.7,12,11,35:34,0,0,32,3,0,1,63416,2020-02-21T00:00:00.000Z,14,117,4,False,2019,Final,     ,15,105,237,LeBron,6,8,James,F,14,250,14,LAL,Los Angeles,West,Pacific,Los Angeles Lakers,Lakers,True,True,False,False,True
129,1475579,12,0,5,33.3,3,1,50.0,14,7,100.0,5,5,35:01,1,0,20,6,1,4,62623,2019-10-27T00:00:00.000Z,14,120,4,False,2019,Final,     ,4,101,237,LeBron,6,8,James,F,14,250,14,LAL,Los Angeles,West,Pacific,Los Angeles Lakers,Lakers,True,True,False,False,True
130,1500279,16,1,12,44.4,9,4,56.5,23,13,81.8,11,9,42:31,0,5,39,12,4,4,62657,2019-11-01T00:00:00.000Z,7,110,5,False,2019,Final,     ,14,119,237,LeBron,6,8,James,F,14,250,14,LAL,Los Angeles,West,Pacific,Los Angeles Lakers,Lakers,False,False,True,True,True
131,1544648,15,1,10,0.0,2,0,33.3,15,5,50.0,6,3,35:20,3,0,13,13,0,2,62722,2019-11-10T00:00:00.000Z,14,104,4,False,2019,Final,     ,28,113,237,LeBron,6,8,James,F,14,250,14,LAL,Los Angeles,West,Pacific,Los Angeles Lakers,Lakers,True,False,False,True,False
132,1487551,8,1,2,40.0,5,2,53.3,15,8,71.4,7,5,28:19,0,0,23,2,0,6,62637,2019-10-29T00:00:00.000Z,14,120,4,False,2019,Final,     ,15,91,237,LeBron,6,8,James,F,14,250,14,LAL,Los Angeles,West,Pacific,Los Angeles Lakers,Lakers,True,True,False,False,True
133,2239751,9,2,6,33.3,6,2,41.2,17,7,85.7,14,12,34:31,1,3,28,7,0,2,63531,2020-03-08T00:00:00.000Z,13,103,4,False,2019,Final,     ,14,112,237,LeBron,6,8,James,F,14,250,14,LAL,Los Angeles,West,Pacific,Los Angeles Lakers,Lakers,False,False,True,True,True
134,2217830,14,2,6,40.0,5,2,56.2,16,9,66.7,3,2,33:45,1,1,22,7,1,3,63498,2020-03-03T00:00:00.000Z,14,120,4,False,2019,Final,     ,23,107,237,LeBron,6,8,James,F,14,250,14,LAL,Los Angeles,West,Pacific,Los Angeles Lakers,Lakers,True,True,False,False,True
135,1552371,11,0,7,25.0,4,1,44.4,18,8,28.6,7,2,37:03,0,0,19,7,0,1,62734,2019-11-12T00:00:00.000Z,24,115,4,False,2019,Final,     ,14,123,237,LeBron,6,8,James,F,14,250,14,LAL,Los Angeles,West,Pacific,Los Angeles Lakers,Lakers,False,False,True,True,True
136,1669800,12,0,4,16.7,6,1,42.9,21,9,100.0,1,1,29:28,0,3,20,4,1,1,62897,2019-12-04T00:00:00.000Z,29,96,4,False,2019,Final,     ,14,121,237,LeBron,6,8,James,F,14,250,14,LAL,Los Angeles,West,Pacific,Los Angeles Lakers,Lakers,False,False,True,True,True
137,1702235,10,0,9,16.7,6,1,45.8,24,11,40.0,5,2,37:55,2,2,25,11,2,6,62941,2019-12-11T00:00:00.000Z,22,87,4,False,2019,Final,     ,14,96,237,LeBron,6,8,James,F,14,250,14,LAL,Los Angeles,West,Pacific,Los Angeles Lakers,Lakers,False,False,True,True,True
138,1788674,13,0,6,50.0,4,2,30.0,10,3,83.3,6,5,34:19,0,2,13,6,2,2,63070,2019-12-29T00:00:00.000Z,14,108,4,False,2019,Final,     ,7,95,237,LeBron,6,8,James,F,14,250,14,LAL,Los Angeles,West,Pacific,Los Angeles Lakers,Lakers,True,True,False,False,True
139,1822084,11,0,11,0.0,3,0,47.6,21,10,50.0,2,1,35:00,3,2,21,14,0,3,63120,2020-01-05T00:00:00.000Z,14,106,4,False,2019,Final,     ,9,99,237,LeBron,6,8,James,F,14,250,14,LAL,Los Angeles,West,Pacific,Los Angeles Lakers,Lakers,True,True,False,False,True
140,1844381,7,0,14,50.0,6,3,56.0,25,14,80.0,5,4,32:16,2,0,35,16,1,3,63155,2020-01-10T00:00:00.000Z,7,114,4,False,2019,Final,     ,14,129,237,LeBron,6,8,James,F,14,250,14,LAL,Los Angeles,West,Pacific,Los Angeles Lakers,Lakers,False,False,True,True,True
141,2103069,10,1,6,37.5,8,3,40.9,22,9,25.0,4,1,37:59,2,2,22,8,0,5,63309,2020-01-31T00:00:00.000Z,14,119,4,False,2019,Final,     ,25,127,237,LeBron,6,8,James,F,14,250,14,LAL,Los Angeles,West,Pacific,Los Angeles Lakers,Lakers,True,False,False,True,False
142,2103310,11,0,10,25.0,4,1,40.0,15,6,66.7,3,2,33:34,0,3,15,10,2,2,63319,2020-02-01T00:00:00.000Z,26,113,4,False,2019,Final,     ,14,129,237,LeBron,6,8,James,F,14,250,14,LAL,Los Angeles,West,Pacific,Los Angeles Lakers,Lakers,False,False,True,True,True
143,2171166,9,0,8,40.0,10,4,47.4,19,9,58.3,12,7,35:29,0,4,29,8,0,2,63425,2020-02-23T00:00:00.000Z,14,114,4,False,2019,Final,     ,2,112,237,LeBron,6,8,James,F,14,250,14,LAL,Los Angeles,West,Pacific,Los Angeles Lakers,Lakers,True,True,False,False,True
144,2183564,6,1,6,45.5,11,5,63.0,27,17,50.0,2,1,34:12,2,1,40,8,0,7,63444,2020-02-25T00:00:00.000Z,14,118,4,False,2019,Final,     ,19,109,237,LeBron,6,8,James,F,14,250,14,LAL,Los Angeles,West,Pacific,Los Angeles Lakers,Lakers,True,True,False,False,True
145,2202814,10,1,6,25.0,8,2,44.4,18,8,50.0,2,1,34:19,2,1,19,8,1,5,63473,2020-02-29T00:00:00.000Z,15,105,4,False,2019,Final,     ,14,88,237,LeBron,6,8,James,F,14,250,14,LAL,Los Angeles,West,Pacific,Los Angeles Lakers,Lakers,False,True,True,False,False
146,1580460,12,1,7,60.0,10,6,61.9,21,13,100.0,1,1,33:07,0,1,33,7,1,0,62771,2019-11-17T00:00:00.000Z,14,122,4,False,2019,Final,     ,1,101,237,LeBron,6,8,James,F,14,250,14,LAL,Los Angeles,West,Pacific,Los Angeles Lakers,Lakers,True,True,False,False,True
147,1664068,9,0,4,25.0,4,1,50.0,18,9,100.0,6,6,36:53,2,3,25,6,0,4,62887,2019-12-03T00:00:00.000Z,8,96,4,False,2019,Final,     ,14,105,237,LeBron,6,8,James,F,14,250,14,LAL,Los Angeles,West,Pacific,Los Angeles Lakers,Lakers,False,False,True,True,True
148,1679331,8,1,6,44.4,9,4,47.8,23,11,71.4,7,5,33:45,1,1,31,7,0,3,62912,2019-12-06T00:00:00.000Z,25,113,4,False,2019,Final,     ,14,136,237,LeBron,6,8,James,F,14,250,14,LAL,Los Angeles,West,Pacific,Los Angeles Lakers,Lakers,False,False,True,True,True
149,1600447,14,1,5,33.3,3,1,45.0,20,9,66.7,6,4,35:37,1,2,23,6,1,5,62803,2019-11-22T00:00:00.000Z,21,127,4,False,2019,Final,     ,14,130,237,LeBron,6,8,James,F,14,250,14,LAL,Los Angeles,West,Pacific,Los Angeles Lakers,Lakers,False,False,True,True,True
150,1691569,13,0,3,75.0,8,6,60.0,20,12,100.0,2,2,27:51,1,4,32,4,1,5,62925,2019-12-08T00:00:00.000Z,14,142,4,False,2019,Final,     ,18,125,237,LeBron,6,8,James,F,14,250,14,LAL,Los Angeles,West,Pacific,Los Angeles Lakers,Lakers,True,True,False,False,True
151,1722878,7,3,12,40.0,10,4,57.1,21,12,57.1,7,4,36:56,1,1,32,13,1,4,62973,2019-12-15T00:00:00.000Z,1,96,4,False,2019,Final,     ,14,101,237,LeBron,6,8,James,F,14,250,14,LAL,Los Angeles,West,Pacific,Los Angeles Lakers,Lakers,False,False,True,True,True
152,2232421,8,0,8,14.3,7,1,57.1,21,12,80.0,15,12,36:30,0,4,37,8,3,4,63522,2020-03-06T00:00:00.000Z,14,113,4,False,2019,Final,     ,17,103,237,LeBron,6,8,James,F,14,250,14,LAL,Los Angeles,West,Pacific,Los Angeles Lakers,Lakers,True,True,False,False,True
153,2252014,9,0,11,44.4,9,4,54.5,22,12,20.0,5,1,34:52,1,1,29,12,1,3,63551,2020-03-10T00:00:00.000Z,14,102,4,False,2019,Final,     ,3,104,237,LeBron,6,8,James,F,14,250,14,LAL,Los Angeles,West,Pacific,Los Angeles Lakers,Lakers,True,False,False,True,False
154,1739595,11,0,12,42.9,7,3,42.1,19,8,100.0,2,2,36:44,0,5,21,12,0,4,63000,2019-12-19T00:00:00.000Z,17,111,4,False,2019,Final,     ,14,104,237,LeBron,6,8,James,F,14,250,14,LAL,Los Angeles,West,Pacific,Los Angeles Lakers,Lakers,False,True,True,False,False
155,1894424,13,0,4,0.0,2,0,41.7,12,5,100.0,5,5,29:11,3,1,15,7,0,4,63231,2020-01-20T00:00:00.000Z,2,139,4,False,2019,Final,     ,14,107,237,LeBron,6,8,James,F,14,250,14,LAL,Los Angeles,West,Pacific,Los Angeles Lakers,Lakers,False,True,True,False,False
156,1916711,8,0,7,16.7,6,1,50.0,18,9,76.9,13,10,35:21,0,3,29,7,1,8,63267,2020-01-25T00:00:00.000Z,23,108,4,False,2019,Final,     ,14,91,237,LeBron,6,8,James,F,14,250,14,LAL,Los Angeles,West,Pacific,Los Angeles Lakers,Lakers,False,True,True,False,False
157,1799246,12,1,11,25.0,4,1,52.4,21,11,66.7,12,8,38:03,2,0,31,13,2,5,63090,2020-01-01T00:00:00.000Z,14,117,4,False,2019,Final,     ,24,107,237,LeBron,6,8,James,F,14,250,14,LAL,Los Angeles,West,Pacific,Los Angeles Lakers,Lakers,True,True,False,False,True
158,1809143,15,0,8,33.3,3,1,41.2,17,7,40.0,5,2,37:13,0,1,17,8,2,2,63103,2020-01-03T00:00:00.000Z,14,123,4,False,2019,Final,     ,19,113,237,LeBron,6,8,James,F,14,250,14,LAL,Los Angeles,West,Pacific,Los Angeles Lakers,Lakers,True,True,False,False,True
159,2110898,9,0,6,66.7,9,6,60.0,20,12,66.7,9,6,34:11,1,1,36,7,1,2,63337,2020-02-04T00:00:00.000Z,14,129,4,False,2019,Final,     ,27,102,237,LeBron,6,8,James,F,14,250,14,LAL,Los Angeles,West,Pacific,Los Angeles Lakers,Lakers,True,True,False,False,True
160,1905148,10,1,10,50.0,6,3,57.9,19,11,100.0,2,2,33:36,2,0,27,12,1,5,63250,2020-01-23T00:00:00.000Z,3,113,4,False,2019,Final,     ,14,128,237,LeBron,6,8,James,F,14,250,14,LAL,Los Angeles,West,Pacific,Los Angeles Lakers,Lakers,False,False,True,True,True
161,2127798,11,0,8,37.5,8,3,41.2,17,7,83.3,6,5,33:33,0,2,22,8,1,7,63366,2020-02-08T00:00:00.000Z,10,120,4,False,2019,Final,     ,14,125,237,LeBron,6,8,James,F,14,250,14,LAL,Los Angeles,West,Pacific,Los Angeles Lakers,Lakers,False,False,True,True,True
162,1904897,5,0,6,40.0,5,2,56.2,16,9,33.3,3,1,36:02,0,0,21,6,5,4,63242,2020-01-22T00:00:00.000Z,20,92,4,False,2019,Final,     ,14,100,237,LeBron,6,8,James,F,14,250,14,LAL,Los Angeles,West,Pacific,Los Angeles Lakers,Lakers,False,False,True,True,True
163,1832056,5,1,5,50.0,12,6,47.4,19,9,100.0,7,7,31:26,0,2,31,5,2,4,63136,2020-01-07T00:00:00.000Z,14,117,4,False,2019,Final,     ,20,87,237,LeBron,6,8,James,F,14,250,14,LAL,Los Angeles,West,Pacific,Los Angeles Lakers,Lakers,True,True,False,False,True
164,1861001,8,0,2,33.3,3,1,75.0,16,12,85.7,7,6,32:42,0,2,31,2,1,3,63180,2020-01-13T00:00:00.000Z,14,128,4,False,2019,Final,     ,6,99,237,LeBron,6,8,James,F,14,250,14,LAL,Los Angeles,West,Pacific,Los Angeles Lakers,Lakers,True,True,False,False,True
165,2141711,9,0,8,50.0,6,3,37.5,16,6,50.0,4,2,30:05,0,2,17,8,1,8,63384,2020-02-10T00:00:00.000Z,14,125,4,False,2019,Final,     ,24,100,237,LeBron,6,8,James,F,14,250,14,LAL,Los Angeles,West,Pacific,Los Angeles Lakers,Lakers,True,True,False,False,True
166,1882865,12,0,5,28.6,7,2,52.0,25,13,60.0,5,3,35:23,0,3,31,5,2,6,63216,2020-01-18T00:00:00.000Z,11,115,4,False,2019,Final,     ,14,124,237,LeBron,6,8,James,F,14,250,14,LAL,Los Angeles,West,Pacific,Los Angeles Lakers,Lakers,False,False,True,True,True
167,2118586,15,0,7,12.5,8,1,42.1,19,8,100.0,1,1,36:38,2,0,18,9,2,6,63351,2020-02-06T00:00:00.000Z,14,111,4,False,2019,Final,     ,11,121,237,LeBron,6,8,James,F,14,250,14,LAL,Los Angeles,West,Pacific,Los Angeles Lakers,Lakers,True,False,False,True,False
168,2151146,14,0,11,14.3,7,1,51.7,29,15,25.0,4,1,41:30,1,3,32,12,0,3,63400,2020-02-12T00:00:00.000Z,8,116,5,False,2019,Final,     ,14,120,237,LeBron,6,8,James,F,14,250,14,LAL,Los Angeles,West,Pacific,Los Angeles Lakers,Lakers,False,False,True,True,True
169,2209587,13,0,12,60.0,5,3,66.7,21,14,100.0,3,3,36:22,0,2,34,12,2,6,63483,2020-03-01T00:00:00.000Z,19,114,4,False,2019,Final,     ,14,122,237,LeBron,6,8,James,F,14,250,14,LAL,Los Angeles,West,Pacific,Los Angeles Lakers,Lakers,False,False,True,True,True
170,1510748,13,1,10,0.0,6,0,34.8,23,8,50.0,10,5,37:18,1,2,21,11,2,5,62671,2019-11-03T00:00:00.000Z,27,96,4,False,2019,Final,     ,14,103,237,LeBron,6,8,James,F,14,250,14,LAL,Los Angeles,West,Pacific,Los Angeles Lakers,Lakers,False,False,True,True,True
171,1558496,12,1,4,20.0,5,1,52.4,21,11,0.0,1,0,26:29,2,1,23,6,1,4,62742,2019-11-13T00:00:00.000Z,14,120,4,False,2019,Final,     ,10,94,237,LeBron,6,8,James,F,14,250,14,LAL,Los Angeles,West,Pacific,Los Angeles Lakers,Lakers,True,True,False,False,True
172,1729892,9,0,8,0.0,6,0,40.0,20,8,50.0,8,4,34:54,1,2,20,9,0,5,62985,2019-12-17T00:00:00.000Z,12,105,4,False,2019,Final,     ,14,102,237,LeBron,6,8,James,F,14,250,14,LAL,Los Angeles,West,Pacific,Los Angeles Lakers,Lakers,False,True,True,False,False
173,1462694,10,0,5,25.0,4,1,54.5,22,12,87.5,8,7,30:34,2,0,32,7,1,1,62608,2019-10-25T00:00:00.000Z,14,95,4,False,2019,Final,     ,29,86,237,LeBron,6,8,James,F,14,250,14,LAL,Los Angeles,West,Pacific,Los Angeles Lakers,Lakers,True,True,False,False,True
174,1535362,6,0,3,57.1,7,4,52.6,19,10,50.0,2,1,36:03,1,2,25,4,0,3,62709,2019-11-08T00:00:00.000Z,14,95,4,False,2019,Final,     ,16,80,237,LeBron,6,8,James,F,14,250,14,LAL,Los Angeles,West,Pacific,Los Angeles Lakers,Lakers,True,True,False,False,True
175,1628375,11,1,3,33.3,6,2,55.6,18,10,63.6,11,7,37:35,2,2,29,5,2,5,62847,2019-11-27T00:00:00.000Z,19,110,4,False,2019,Final,     ,14,114,237,LeBron,6,8,James,F,14,250,14,LAL,Los Angeles,West,Pacific,Los Angeles Lakers,Lakers,False,False,True,True,True
176,1641331,11,1,3,50.0,8,4,56.2,16,9,50.0,2,1,24:36,0,1,23,3,2,6,62862,2019-11-29T00:00:00.000Z,14,125,4,False,2019,Final,     ,30,103,237,LeBron,6,8,James,F,14,250,14,LAL,Los Angeles,West,Pacific,Los Angeles Lakers,Lakers,True,True,False,False,True
177,1788384,16,1,6,25.0,4,1,46.7,15,7,75.0,8,6,36:43,1,2,21,7,2,1,63067,2019-12-28T00:00:00.000Z,25,120,4,False,2019,Final,     ,14,128,237,LeBron,6,8,James,F,14,250,14,LAL,Los Angeles,West,Pacific,Los Angeles Lakers,Lakers,False,False,True,True,True
178,1869799,19,0,3,22.2,9,2,36.8,19,7,60.0,5,3,36:15,0,1,19,3,1,5,63196,2020-01-15T00:00:00.000Z,14,118,4,False,2019,Final,     ,22,119,237,LeBron,6,8,James,F,14,250,14,LAL,Los Angeles,West,Pacific,Los Angeles Lakers,Lakers,True,False,False,True,False
